model,val_accuracy,val_loss
model_C,0.9621514081954956,0.13991518318653107
model_B,0.955036997795105,0.19887492060661316
model_A,0.9439385533332825,0.18477389216423035
